{
    "name": "createHTML",
    "version": "1.0.0",
    "title": "create HTML Activity",
    "author": "TIBCO Software Inc. [JGrotex]",
    "type": "flogo:activity",
     
    "display": {
       "category": "smalltools",
       "visible": true,
       "smallIcon": "createHTML.png",
       "description": "create a HTML feedback Block e.g. for an EMail Body"
    },
 
    "ref": "github.com/JGrotex/tci-wi-smalltools-extension/smalltools/activity/createHTML",
    "inputs": [
        {
            "name": "templateURL",
            "type": "string",
            "required": false
        },
        {
            "name": "LogoURL",
            "type": "string",
            "required": true
        },
        {
            "name": "Headline",
            "type": "string",
            "required": true
        },
        {
            "name": "Body",
            "type": "string",
            "required": true
        },
        {
            "name": "DirectLinkURL",
            "type": "string",
            "required": true
        },
        {
            "name": "Footer",
            "type": "string",
            "required": true
        }
    ],
  
    "outputs": [
        {
            "name": "html",
            "type": "string"
        }
    ]
}