{
    "name": "emailvalidation",
    "version": "1.2.0",
    "title": "Email Validation Activity",
    "author": "TIBCO Software Inc. [JGrotex]",
    "type": "flogo:activity",
     
    "display": {
       "category": "smalltools",
       "visible": true,
       "smallIcon": "emailvalidation.png",
       "description": "Activity validates any email Addr"
    },
 
    "ref": "github.com/JGrotex/tci-wi-smalltools-extension/smalltools/activity/emailvalidation",
    "inputs": [
        {
            "name": "email",
            "type": "string",
            "required": true
        }
    ],
  
    "outputs": [
        {
            "name": "valid",
            "type": "boolean"
        }
    ]
}